"ইংল্যান্ডকে গুঁড়িয়ে ভারতের ছয়ে ছয়",16992044321699198700prothomalo-bangla_2023-10_478e1c2b-4a5d-4e0f-9c54-fd35b99054f2_ab94ac59-586f-446f-86c6-a43afa00a640.webp
"হরতালে ঢাকায় বাসে আগুন-মৃত্যু, সড়কে চলাচল কম",16992044521699198738prothomalo-bangla_2023-10_532eec96-2cfd-4463-8cb7-698e0985fc8e_GAZA.webp
"ব্রাহ্মণবাড়িয়া–২ আসনে ৫০ বছর পর আওয়ামী লীগ প্রার্থীর জয়","16992044601699198786prothomalo-bangla_2023-11_b15d362b-f1b6-4d8e-bc98-6fa4443c514e_wills (1).webp"
"নতুন নকশায় সেজেছে প্রথম আলো ওয়েবসাইট",16992044681699198826prothomalo-bangla_2023-11_25c9ada8-2cd8-405a-92d2-68d277a54ec0_dhaka_fire.webp
"গাজায় যুদ্ধবিরতি নিয়ে দুই মেরুতে যুক্তরাষ্ট্র ও আরব বিশ্ব",16992044951699198847prothomalo-bangla_2023-10_fd53ff89-8985-48e3-8760-f8eca2862018_Untitled_1.webp
"২ খুলনার রূপসায় দাঁড়িয়ে থাকা বাসে আগুন",16992045081699198888prothomalo-bangla_2023-11_6f6a0c8c-2d32-4ed1-84a5-534cb2ad1c97_Bus_fire.webp
"মূল্যবৃদ্ধির লাগাম টানতে ভারত থেকে ডিম আমদানি শুরু হয়েছে। এতে বাজারে ডিমের দাম কমবে বলে আপনি কি মনে করেন?",1699204529prothomalo-bangla_2022-07_9b69e4e4-9cd1-4344-bc73-810c39d9eab2_prothomalo_bangla_2020_10_c528ba3a_1d0b_48b3_9fbb_55d269031048_prothomalo_import_media_2014_08_24_bb.webp
"৪ কেন্দ্রীয় যুবদল নেতাকে আটক ও মারধরের পর পুলিশে দিল যুবলীগ",1699204546prothomalo-bangla_2023-07_01919726-5f58-49fe-b4f8-13c2306203e5_josep_borrell_Reuters.webp
"লক্ষ্মীপুর-৩ আসনে জিতলেন আওয়ামী লীগের গোলাম ফারুক",1699204579prothomalo-bangla_2023-11_5d8353ab-8dad-4837-b80b-3015f4903cfd_Pabna_DH0606_20231105_Pabna_clash__4_.webp
"সরকারি সার কারখানা চালুর আগেই ঋণ শোধের চাপ",1699205744prothomalo-bangla_2023-11_7bdc3e36-5aea-472d-8bb4-f17664661827_WHATSAPP_IMAGE_2023_11_04_AT_71300_PM091038.webp
